model,fold,test_positives,average_precision,threshold,threshold_status,tp,fp,fn,tn,flagged,precision,recall
RF,1,14,0.42926431150697947,,target_unattainable,0,0,14,3986,0,,0.0
RF,2,14,0.20490749998873214,0.7543185724890598,selected,2,4,12,3982,6,0.3333333333333333,0.14285714285714285
RF,3,14,0.43541907583698414,,target_unattainable,0,0,14,3986,0,,0.0
RF,4,16,0.4367467359227999,0.7938173116448031,selected,2,0,14,3985,2,1.0,0.125
RF,5,14,0.5997392391840628,0.8788433777323877,selected,3,0,11,3985,3,1.0,0.21428571428571427
RF_no_round,1,14,0.36800360821354244,,target_unattainable,0,0,14,3986,0,,0.0
RF_no_round,2,14,0.22529501611900896,0.8013567292788534,selected,1,2,13,3984,3,0.3333333333333333,0.07142857142857142
RF_no_round,3,14,0.4131707559729466,0.813505600640123,selected,2,1,12,3985,3,0.6666666666666666,0.14285714285714285
RF_no_round,4,16,0.4364268424668532,0.8153578322901809,selected,2,0,14,3985,2,1.0,0.125
RF_no_round,5,14,0.526269976321176,0.8104679784121911,selected,5,4,9,3981,9,0.5555555555555556,0.35714285714285715
RF_no_amount_or_HITS,1,14,0.0034781820935123014,,target_unattainable,0,0,14,3986,0,,0.0
RF_no_amount_or_HITS,2,14,0.005091753866460657,,target_unattainable,0,0,14,3986,0,,0.0
RF_no_amount_or_HITS,3,14,0.004837057624086152,,target_unattainable,0,0,14,3986,0,,0.0
RF_no_amount_or_HITS,4,16,0.03448410883479243,,target_unattainable,0,0,16,3985,0,,0.0
RF_no_amount_or_HITS,5,14,0.007221226117094257,,target_unattainable,0,0,14,3985,0,,0.0
LR,1,14,0.47955613282396214,0.9951310002211996,selected,6,2,8,3984,8,0.75,0.42857142857142855
LR,2,14,0.3421177007701136,0.999596583341349,selected,2,0,12,3986,2,1.0,0.14285714285714285
LR,3,14,0.5284625911005176,0.9932789373114003,selected,6,2,8,3984,8,0.75,0.42857142857142855
LR,4,16,0.40108288057563335,0.9965310322595493,selected,3,1,13,3984,4,0.75,0.1875
LR,5,14,0.416236915025501,0.9964647750171334,selected,3,2,11,3983,5,0.6,0.21428571428571427
